{
  "rmse": 2.73091167737628,
  "r2": 0.047334253787994385,
  "mae": 2.1872079372406006,
  "correlation": 0.3450944409912497,
  "n_samples": 6467
}