{
  "rmse": 3.1571800447972733,
  "r2": -0.27327990531921387,
  "mae": 2.4523327350616455,
  "correlation": -0.052210608664930436,
  "n_samples": 6467
}