{
  "rmse": 2.7958499159418273,
  "r2": 0.0014888644218444824,
  "mae": 2.2353768348693848,
  "correlation": 0.39109300482658704,
  "n_samples": 6467
}